episode,step,domain,action,reward,completed,blocked,remaining_product,blocked_product,remaining_mcp,blocked_mcp
0,0,product,execute_tasks,3.9299999999999997,2,0,26,9,20,6
0,1,product,execute_tasks,5.998333333333333,3,0,23,9,20,6
0,2,product,execute_tasks,5.986666666666666,3,0,20,9,20,6
0,3,product,execute_tasks,3.9416666666666664,2,0,18,9,20,6
0,4,product,recover_critics,1.9233333333333331,1,0,17,6,20,6
0,5,mcp,execute_tasks,1.9949999999999999,1,0,17,6,19,6
0,6,product,execute_tasks,0.15333333333333327,1,1,16,7,19,6
0,7,product,execute_tasks,4.19,3,1,13,8,19,6
0,8,product,recover_critics,-0.135,0,0,13,5,19,6
0,9,product,execute_tasks,5.991666666666666,3,0,10,5,19,6
0,10,product,recover_critics,-0.045,0,0,10,3,19,6
0,11,product,execute_tasks,3.9216666666666664,2,0,8,3,19,6
0,12,mcp,execute_tasks,5.95,3,0,8,3,16,6
0,13,product,execute_tasks,3.945,2,0,6,3,16,6
0,14,product,recover_critics,-0.48000000000000004,0,1,6,2,16,7
0,15,product,execute_tasks,1.9649999999999999,1,0,6,2,16,7
0,16,product,execute_tasks,2.175,2,1,6,3,16,7
0,17,product,recover_critics,0.015,0,0,6,2,16,7
0,18,product,execute_tasks,4.07,3,1,6,3,16,7
0,19,product,recover_critics,-0.039999999999999994,0,0,6,2,16,7
0,20,product,execute_tasks,1.9699999999999998,1,0,6,2,16,7
0,21,product,execute_tasks,3.973333333333333,2,0,6,2,16,7
0,22,product,execute_tasks,3.8716666666666666,2,0,6,2,16,7
0,23,product,execute_tasks,1.9366666666666665,1,0,6,2,16,7
0,24,product,execute_tasks,4.056666666666667,3,1,6,3,16,7
0,25,product,recover_critics,1.88,1,0,6,2,16,7
0,26,product,execute_tasks,1.9849999999999999,1,0,6,2,16,7
0,27,product,execute_tasks,3.965,2,0,6,2,16,7
0,28,product,execute_tasks,0.18833333333333327,1,1,6,3,16,7
0,29,product,recover_critics,-0.03666666666666667,0,0,6,2,16,7
0,30,product,execute_tasks,2.08,2,1,6,3,16,7
0,31,product,recover_critics,0.015,0,0,6,2,16,7
0,32,product,execute_tasks,3.983333333333333,2,0,6,2,16,7
0,33,product,execute_tasks,3.9216666666666664,2,0,6,2,16,7
0,34,product,execute_tasks,5.8933333333333335,3,0,6,2,16,7
0,35,product,execute_tasks,1.9233333333333331,1,0,6,2,16,7
0,36,product,execute_tasks,3.855,2,0,6,2,16,7
0,37,product,execute_tasks,1.8583333333333332,1,0,6,2,16,7
0,38,product,execute_tasks,4.173333333333334,3,1,6,3,16,7
0,39,product,recover_critics,-0.09833333333333334,0,0,6,2,16,7
0,40,product,execute_tasks,5.97,3,0,6,2,16,7
0,41,product,execute_tasks,1.9299999999999997,1,0,6,2,16,7
0,42,product,execute_tasks,1.9799999999999998,1,0,6,2,16,7
0,43,product,execute_tasks,5.868333333333333,3,0,6,2,16,7
0,44,product,execute_tasks,5.916666666666666,3,0,6,2,16,7
0,45,product,execute_tasks,3.9566666666666666,2,0,6,2,16,7
0,46,product,execute_tasks,0.1366666666666666,1,1,6,3,16,7
0,47,product,recover_critics,-0.5266666666666667,0,1,6,2,16,8
0,48,product,execute_tasks,1.9933333333333332,1,0,6,2,16,8
0,49,product,execute_tasks,3.985,2,0,6,2,16,8
0,50,product,execute_tasks,4.18,3,1,6,3,16,8
0,51,product,recover_critics,-0.03166666666666666,0,0,6,2,16,8
0,52,product,execute_tasks,3.9816666666666665,2,0,6,2,16,8
0,53,product,execute_tasks,5.875,3,0,6,2,16,8
0,54,product,execute_tasks,5.983333333333333,3,0,6,2,16,8
0,55,product,execute_tasks,2.19,2,1,6,3,16,8
0,56,product,recover_critics,1.8649999999999998,1,0,6,2,16,8
0,57,product,execute_tasks,1.873333333333333,1,0,6,2,16,8
0,58,product,execute_tasks,1.9183333333333332,1,0,6,2,16,8
0,59,product,execute_tasks,5.88,3,0,6,2,16,8
0,60,product,execute_tasks,1.6166666666666667,1,1,6,2,16,9
0,61,product,execute_tasks,1.9649999999999999,1,0,6,2,16,9
0,62,product,execute_tasks,0.1416666666666666,1,1,6,3,16,9
0,63,product,recover_critics,1.8683333333333332,1,0,6,2,16,9
0,64,mcp,recover_critics,-0.5333333333333333,0,1,6,3,16,6
0,65,product,recover_critics,1.853333333333333,1,0,6,2,16,6
0,66,product,execute_tasks,3.9166666666666665,2,0,6,2,16,6
0,67,product,execute_tasks,5.8533333333333335,3,0,6,2,16,6
0,68,product,execute_tasks,4.011666666666667,2,0,6,2,16,6
0,69,product,execute_tasks,5.881666666666667,3,0,6,2,16,6
0,70,product,execute_tasks,5.963333333333333,3,0,6,2,16,6
0,71,product,execute_tasks,2.1533333333333333,2,1,6,3,16,6
0,72,product,recover_critics,-0.05499999999999999,0,0,6,2,16,6
0,73,product,execute_tasks,6.0,3,0,6,2,16,6
0,74,product,execute_tasks,3.9616666666666664,2,0,6,2,16,6
0,75,product,execute_tasks,3.873333333333333,2,0,6,2,16,6
0,76,product,execute_tasks,1.9166666666666665,1,0,6,2,16,6
0,77,product,execute_tasks,3.9433333333333334,2,0,6,2,16,6
0,78,product,execute_tasks,3.973333333333333,2,0,6,2,16,6
0,79,product,execute_tasks,1.863333333333333,1,0,6,2,16,6
0,80,product,execute_tasks,2.0833333333333335,2,1,6,3,16,6
0,81,product,recover_critics,-0.043333333333333335,0,0,6,2,16,6
0,82,product,execute_tasks,3.8633333333333333,2,0,6,2,16,6
0,83,product,execute_tasks,3.965,2,0,6,2,16,6
0,84,product,execute_tasks,5.944999999999999,3,0,6,2,16,6
0,85,product,execute_tasks,1.998333333333333,1,0,6,2,16,6
0,86,product,execute_tasks,2.1966666666666668,2,1,6,3,16,6
0,87,product,recover_critics,-0.04666666666666666,0,0,6,2,16,6
0,88,product,execute_tasks,1.8616666666666666,1,0,6,2,16,6
0,89,product,execute_tasks,1.8783333333333332,1,0,6,2,16,6
0,90,product,execute_tasks,1.88,1,0,6,2,16,6
0,91,product,execute_tasks,5.965,3,0,6,2,16,6
0,92,product,execute_tasks,3.513333333333333,2,1,6,2,16,7
0,93,mcp,execute_tasks,3.2566666666666664,2,0,6,2,14,7
0,94,product,execute_tasks,4.083333333333333,3,1,6,3,14,7
0,95,product,recover_critics,-0.08833333333333333,0,0,6,2,14,7
0,96,product,execute_tasks,0.05999999999999994,1,1,6,3,14,7
0,97,product,recover_critics,-0.13,0,0,6,2,14,7
0,98,product,execute_tasks,1.4783333333333335,1,1,6,2,14,8
0,99,mcp,recover_critics,-0.795,0,0,6,2,14,5
1,0,product,execute_tasks,2.013333333333333,1,0,27,9,20,6
1,1,product,execute_tasks,3.9466666666666663,2,0,25,9,20,6
1,2,product,execute_tasks,5.87,3,0,22,9,20,6
1,3,product,execute_tasks,1.8716666666666666,1,0,21,9,20,6
1,4,product,execute_tasks,3.913333333333333,2,0,19,9,20,6
1,5,product,execute_tasks,2.005,1,0,18,9,20,6
1,6,product,recover_critics,-0.08666666666666666,0,0,18,6,20,6
1,7,product,execute_tasks,3.9266666666666663,2,0,16,6,20,6
1,8,product,execute_tasks,2.19,2,1,14,7,20,6
1,9,product,recover_critics,-0.14833333333333332,0,0,14,4,20,6
1,10,product,execute_tasks,2.1233333333333335,2,1,12,5,20,6
1,11,product,execute_tasks,1.8766666666666665,1,0,11,5,20,6
1,12,product,execute_tasks,3.598333333333333,2,1,9,5,20,7
1,13,product,recover_critics,-0.018333333333333326,0,0,9,3,20,7
1,14,product,execute_tasks,1.9,1,0,8,3,20,7
1,15,product,execute_tasks,1.9916666666666665,1,0,7,3,20,7
1,16,product,execute_tasks,3.978333333333333,2,0,6,3,20,7
1,17,product,recover_critics,-0.14166666666666666,0,0,6,2,20,7
1,18,product,execute_tasks,5.871666666666666,3,0,6,2,20,7
1,19,product,execute_tasks,5.928333333333333,3,0,6,2,20,7
1,20,product,execute_tasks,5.876666666666667,3,0,6,2,20,7
1,21,product,execute_tasks,0.14999999999999994,1,1,6,3,20,7
1,22,product,recover_critics,-0.011666666666666665,0,0,6,2,20,7
1,23,product,execute_tasks,5.881666666666667,3,0,6,2,20,7
1,24,product,execute_tasks,1.9249999999999998,1,0,6,2,20,7
1,25,product,execute_tasks,5.9783333333333335,3,0,6,2,20,7
1,26,product,execute_tasks,2.098333333333333,2,1,6,3,20,7
1,27,product,recover_critics,1.9583333333333333,1,0,6,2,20,7
1,28,product,execute_tasks,5.89,3,0,6,2,20,7
1,29,product,execute_tasks,1.9949999999999999,1,0,6,2,20,7
1,30,product,execute_tasks,4.0,2,0,6,2,20,7
1,31,product,execute_tasks,1.8983333333333332,1,0,6,2,20,7
1,32,product,execute_tasks,1.8516666666666666,1,0,6,2,20,7
1,33,product,execute_tasks,4.013333333333333,2,0,6,2,20,7
1,34,product,execute_tasks,3.9016666666666664,2,0,6,2,20,7
1,35,product,execute_tasks,5.99,3,0,6,2,20,7
1,36,product,execute_tasks,0.16999999999999993,1,1,6,3,20,7
1,37,product,recover_critics,-0.03666666666666667,0,0,6,2,20,7
1,38,product,execute_tasks,6.003333333333333,3,0,6,2,20,7
1,39,product,execute_tasks,4.133333333333334,3,1,6,3,20,7
1,40,product,recover_critics,1.883333333333333,1,0,6,2,20,7
1,41,product,execute_tasks,3.9066666666666663,2,0,6,2,20,7
1,42,product,execute_tasks,0.15999999999999995,1,1,6,3,20,7
1,43,product,recover_critics,-0.07166666666666667,0,0,6,2,20,7
1,44,product,execute_tasks,1.9683333333333333,1,0,6,2,20,7
1,45,product,execute_tasks,3.9683333333333333,2,0,6,2,20,7
1,46,product,execute_tasks,3.8616666666666664,2,0,6,2,20,7
1,47,product,execute_tasks,1.8883333333333332,1,0,6,2,20,7
1,48,product,execute_tasks,1.9116666666666664,1,0,6,2,20,7
1,49,product,execute_tasks,3.905,2,0,6,2,20,7
1,50,product,execute_tasks,2.1216666666666666,2,1,6,3,20,7
1,51,product,recover_critics,-0.035,0,0,6,2,20,7
1,52,product,execute_tasks,6.016666666666667,3,0,6,2,20,7
1,53,product,execute_tasks,5.88,3,0,6,2,20,7
1,54,product,execute_tasks,5.9399999999999995,3,0,6,2,20,7
1,55,product,execute_tasks,5.885,3,0,6,2,20,7
1,56,product,execute_tasks,1.9333333333333331,1,0,6,2,20,7
1,57,product,execute_tasks,5.8999999999999995,3,0,6,2,20,7
1,58,product,execute_tasks,5.863333333333333,3,0,6,2,20,7
1,59,product,execute_tasks,5.943333333333333,3,0,6,2,20,7
1,60,product,execute_tasks,5.8999999999999995,3,0,6,2,20,7
1,61,product,execute_tasks,3.498333333333333,2,1,6,2,20,8
1,62,product,execute_tasks,4.1883333333333335,3,1,6,3,20,8
1,63,product,recover_critics,-0.06,0,0,6,2,20,8
1,64,product,execute_tasks,5.9783333333333335,3,0,6,2,20,8
1,65,product,execute_tasks,3.9616666666666664,2,0,6,2,20,8
1,66,product,execute_tasks,0.19333333333333327,1,1,6,3,20,8
1,67,product,recover_critics,-0.05333333333333333,0,0,6,2,20,8
1,68,product,execute_tasks,0.06666666666666662,1,1,6,3,20,8
1,69,product,recover_critics,-0.03666666666666667,0,0,6,2,20,8
1,70,product,execute_tasks,1.9699999999999998,1,0,6,2,20,8
1,71,product,execute_tasks,0.16499999999999992,1,1,6,3,20,8
1,72,product,recover_critics,-0.12000000000000001,0,0,6,2,20,8
1,73,product,execute_tasks,3.8899999999999997,2,0,6,2,20,8
1,74,product,execute_tasks,0.11499999999999994,1,1,6,3,20,8
1,75,product,recover_critics,0.01666666666666667,0,0,6,2,20,8
1,76,mcp,execute_tasks,6.01,3,0,6,2,17,8
1,77,product,execute_tasks,4.011666666666667,2,0,6,2,17,8
1,78,product,execute_tasks,0.15166666666666662,1,1,6,3,17,8
1,79,product,recover_critics,-0.10333333333333332,0,0,6,2,17,8
1,80,product,execute_tasks,2.1366666666666667,2,1,6,3,17,8
1,81,product,recover_critics,-0.14833333333333332,0,0,6,2,17,8
1,82,product,execute_tasks,1.9183333333333332,1,0,6,2,17,8
1,83,product,execute_tasks,4.183333333333334,3,1,6,3,17,8
1,84,product,recover_critics,1.893333333333333,1,0,6,2,17,8
1,85,product,execute_tasks,2.165,2,1,6,3,17,8
1,86,product,recover_critics,-0.14500000000000002,0,0,6,2,17,8
1,87,product,execute_tasks,5.908333333333333,3,0,6,2,17,8
1,88,product,execute_tasks,5.991666666666666,3,0,6,2,17,8
1,89,product,execute_tasks,2.131666666666667,2,1,6,3,17,8
1,90,product,recover_critics,0.010000000000000002,0,0,6,2,17,8
1,91,product,execute_tasks,5.8933333333333335,3,0,6,2,17,8
1,92,product,execute_tasks,3.9033333333333333,2,0,6,2,17,8
1,93,product,execute_tasks,1.9116666666666664,1,0,6,2,17,8
1,94,product,execute_tasks,3.94,2,0,6,2,17,8
1,95,product,execute_tasks,3.9299999999999997,2,0,6,2,17,8
1,96,product,execute_tasks,2.18,2,1,6,3,17,8
1,97,product,recover_critics,-0.045,0,0,6,2,17,8
1,98,mcp,execute_tasks,3.888333333333333,2,0,6,2,15,8
1,99,product,execute_tasks,1.8866666666666665,1,0,6,2,15,8
2,0,product,execute_tasks,5.953333333333333,3,0,25,9,20,6
2,1,product,execute_tasks,0.10499999999999995,1,1,24,10,20,6
2,2,product,execute_tasks,5.8549999999999995,3,0,21,10,20,6
2,3,product,execute_tasks,3.9466666666666663,2,0,19,10,20,6
2,4,product,recover_critics,1.9999999999999998,1,0,18,7,20,6
2,5,product,execute_tasks,1.978333333333333,1,0,17,7,20,6
2,6,product,execute_tasks,5.895,3,0,14,7,20,6
2,7,product,recover_critics,1.9,1,0,13,4,20,6
2,8,product,execute_tasks,3.9349999999999996,2,0,11,4,20,6
2,9,product,execute_tasks,5.963333333333333,3,0,8,4,20,6
2,10,product,recover_critics,-0.08833333333333333,0,0,8,2,20,6
2,11,product,execute_tasks,6.003333333333333,3,0,6,2,20,6
2,12,product,execute_tasks,1.8599999999999999,1,0,6,2,20,6
2,13,product,execute_tasks,3.9566666666666666,2,0,6,2,20,6
2,14,product,execute_tasks,3.898333333333333,2,0,6,2,20,6
2,15,product,execute_tasks,3.855,2,0,6,2,20,6
2,16,product,execute_tasks,5.915,3,0,6,2,20,6
2,17,product,execute_tasks,4.141666666666667,3,1,6,3,20,6
2,18,product,recover_critics,-0.10166666666666667,0,0,6,2,20,6
2,19,product,execute_tasks,1.9699999999999998,1,0,6,2,20,6
2,20,product,execute_tasks,5.906666666666666,3,0,6,2,20,6
2,21,product,execute_tasks,5.996666666666666,3,0,6,2,20,6
2,22,product,execute_tasks,3.9099999999999997,2,0,6,2,20,6
2,23,product,execute_tasks,6.0,3,0,6,2,20,6
2,24,product,execute_tasks,5.863333333333333,3,0,6,2,20,6
2,25,product,execute_tasks,3.8866666666666667,2,0,6,2,20,6
2,26,mcp,execute_tasks,1.9066666666666665,1,0,6,2,19,6
2,27,product,execute_tasks,1.9233333333333331,1,0,6,2,19,6
2,28,product,execute_tasks,0.13499999999999995,1,1,6,3,19,6
2,29,product,recover_critics,-0.14,0,0,6,2,19,6
2,30,product,execute_tasks,5.963333333333333,3,0,6,2,19,6
2,31,product,execute_tasks,5.97,3,0,6,2,19,6
2,32,product,execute_tasks,5.973333333333333,3,0,6,2,19,6
2,33,product,execute_tasks,3.9466666666666663,2,0,6,2,19,6
2,34,product,execute_tasks,0.12999999999999995,1,1,6,3,19,6
2,35,product,recover_critics,-0.105,0,0,6,2,19,6
2,36,product,execute_tasks,4.17,3,1,6,3,19,6
2,37,product,recover_critics,-0.03666666666666667,0,0,6,2,19,6
2,38,product,execute_tasks,5.614999999999999,3,1,6,2,19,7
2,39,product,execute_tasks,1.9183333333333332,1,0,6,2,19,7
2,40,mcp,execute_tasks,1.853333333333333,1,0,6,2,18,7
2,41,product,execute_tasks,0.09333333333333327,1,1,6,3,18,7
2,42,product,recover_critics,-0.11,0,0,6,2,18,7
2,43,product,execute_tasks,6.006666666666667,3,0,6,2,18,7
2,44,product,execute_tasks,3.963333333333333,2,0,6,2,18,7
2,45,product,execute_tasks,1.9483333333333333,1,0,6,2,18,7
2,46,product,execute_tasks,5.553333333333333,3,1,6,2,18,8
2,47,product,execute_tasks,2.1733333333333333,2,1,6,3,18,8
2,48,mcp,execute_tasks,1.853333333333333,1,0,6,3,17,8
2,49,product,recover_critics,-0.5433333333333333,0,1,6,2,17,9
2,50,product,execute_tasks,-0.3483333333333334,1,2,6,3,17,10
2,51,product,recover_critics,-0.07833333333333332,0,0,6,2,17,10
2,52,product,execute_tasks,3.9166666666666665,2,0,6,2,17,10
2,53,product,execute_tasks,6.005,3,0,6,2,17,10
2,54,product,execute_tasks,0.08333333333333329,1,1,6,3,17,10
2,55,product,recover_critics,-0.10333333333333332,0,0,6,2,17,10
2,56,product,execute_tasks,5.875,3,0,6,2,17,10
2,57,product,execute_tasks,1.9349999999999998,1,0,6,2,17,10
2,58,product,execute_tasks,1.5350000000000001,1,1,6,2,17,11
2,59,product,execute_tasks,0.08833333333333329,1,1,6,3,17,11
2,60,product,recover_critics,-0.008333333333333331,0,0,6,2,17,11
2,61,product,execute_tasks,3.8633333333333333,2,0,6,2,17,11
2,62,product,execute_tasks,5.885,3,0,6,2,17,11
2,63,product,execute_tasks,4.125,3,1,6,3,17,11
2,64,product,recover_critics,-0.09166666666666666,0,0,6,2,17,11
2,65,product,execute_tasks,3.885,2,0,6,2,17,11
2,66,product,execute_tasks,1.8549999999999998,1,0,6,2,17,11
2,67,product,execute_tasks,5.593333333333333,3,1,6,2,17,12
2,68,product,execute_tasks,2.07,2,1,6,3,17,12
2,69,product,recover_critics,-0.09333333333333334,0,0,6,2,17,12
2,70,product,execute_tasks,1.9516666666666664,1,0,6,2,17,12
2,71,product,execute_tasks,5.865,3,0,6,2,17,12
2,72,product,execute_tasks,1.8849999999999998,1,0,6,2,17,12
2,73,product,execute_tasks,6.003333333333333,3,0,6,2,17,12
2,74,product,execute_tasks,1.9999999999999998,1,0,6,2,17,12
2,75,product,execute_tasks,5.971666666666667,3,0,6,2,17,12
2,76,product,execute_tasks,1.9633333333333332,1,0,6,2,17,12
2,77,product,execute_tasks,5.984999999999999,3,0,6,2,17,12
2,78,product,execute_tasks,1.9183333333333332,1,0,6,2,17,12
2,79,product,execute_tasks,2.095,2,1,6,3,17,12
2,80,product,recover_critics,-0.115,0,0,6,2,17,12
2,81,product,execute_tasks,0.15499999999999994,1,1,6,3,17,12
2,82,product,recover_critics,-0.14833333333333332,0,0,6,2,17,12
2,83,product,execute_tasks,5.9383333333333335,3,0,6,2,17,12
2,84,product,execute_tasks,5.983333333333333,3,0,6,2,17,12
2,85,product,execute_tasks,3.9499999999999997,2,0,6,2,17,12
2,86,product,execute_tasks,0.13999999999999996,1,1,6,3,17,12
2,87,product,recover_critics,0.015,0,0,6,2,17,12
2,88,product,execute_tasks,4.135,3,1,6,3,17,12
2,89,product,recover_critics,-0.013333333333333336,0,0,6,2,17,12
2,90,product,execute_tasks,4.006666666666667,2,0,6,2,17,12
2,91,product,execute_tasks,6.005,3,0,6,2,17,12
2,92,product,execute_tasks,3.8516666666666666,2,0,6,2,17,12
2,93,product,execute_tasks,4.131666666666667,3,1,6,3,17,12
2,94,product,recover_critics,-0.018333333333333326,0,0,6,2,17,12
2,95,product,execute_tasks,2.2016666666666667,2,1,6,3,17,12
2,96,product,recover_critics,-0.105,0,0,6,2,17,12
2,97,product,execute_tasks,3.8649999999999998,2,0,6,2,17,12
2,98,product,execute_tasks,5.885,3,0,6,2,17,12
2,99,product,execute_tasks,1.8699999999999999,1,0,6,2,17,12
3,0,mcp,execute_tasks,5.953333333333333,3,0,28,9,17,6
3,1,product,execute_tasks,0.1016666666666666,1,1,27,10,17,6
3,2,product,execute_tasks,1.9433333333333331,1,0,26,10,17,6
3,3,product,execute_tasks,2.1683333333333334,2,1,24,11,17,6
3,4,product,execute_tasks,2.155,2,1,22,12,17,6
3,5,product,recover_critics,-0.14,0,0,22,8,17,6
3,6,product,execute_tasks,5.901666666666666,3,0,19,8,17,6
3,7,product,execute_tasks,3.925,2,0,17,8,17,6
3,8,product,execute_tasks,1.5016666666666667,1,1,16,8,17,7
3,9,product,recover_critics,-0.11166666666666665,0,0,16,5,17,7
3,10,product,execute_tasks,1.5283333333333335,1,1,15,5,17,8
3,11,product,execute_tasks,5.886666666666667,3,0,12,5,17,8
3,12,product,execute_tasks,1.9616666666666664,1,0,11,5,17,8
3,13,product,execute_tasks,2.125,2,1,9,6,17,8
3,14,product,recover_critics,2.005,1,0,8,4,17,8
3,15,product,recover_critics,0.0016666666666666705,0,0,8,2,17,8
3,16,product,execute_tasks,1.9216666666666664,1,0,7,2,17,8
3,17,product,execute_tasks,1.8516666666666666,1,0,6,2,17,8
3,18,product,execute_tasks,3.8566666666666665,2,0,6,2,17,8
3,19,product,execute_tasks,1.9666666666666666,1,0,6,2,17,8
3,20,product,execute_tasks,1.9616666666666664,1,0,6,2,17,8
3,21,product,execute_tasks,1.8649999999999998,1,0,6,2,17,8
3,22,product,execute_tasks,1.9416666666666664,1,0,6,2,17,8
3,23,product,execute_tasks,4.053333333333334,3,1,6,3,17,8
3,24,product,recover_critics,-0.11833333333333333,0,0,6,2,17,8
3,25,product,execute_tasks,1.8983333333333332,1,0,6,2,17,8
3,26,product,execute_tasks,6.003333333333333,3,0,6,2,17,8
3,27,product,execute_tasks,0.06499999999999995,1,1,6,3,17,8
3,28,product,recover_critics,-0.033333333333333326,0,0,6,2,17,8
3,29,product,execute_tasks,3.9716666666666667,2,0,6,2,17,8
3,30,product,execute_tasks,5.951666666666666,3,0,6,2,17,8
3,31,product,execute_tasks,3.895,2,0,6,2,17,8
3,32,product,execute_tasks,3.8649999999999998,2,0,6,2,17,8
3,33,mcp,execute_tasks,3.878333333333333,2,0,6,2,15,8
3,34,product,execute_tasks,0.13833333333333328,1,1,6,3,15,8
3,35,product,recover_critics,-0.0016666666666666635,0,0,6,2,15,8
3,36,product,execute_tasks,6.0,3,0,6,2,15,8
3,37,product,execute_tasks,1.8849999999999998,1,0,6,2,15,8
3,38,product,execute_tasks,5.875,3,0,6,2,15,8
3,39,product,execute_tasks,3.933333333333333,2,0,6,2,15,8
3,40,product,execute_tasks,4.135,3,1,6,3,15,8
3,41,product,recover_critics,0.008333333333333338,0,0,6,2,15,8
3,42,product,execute_tasks,0.21499999999999994,1,1,6,3,15,8
3,43,product,recover_critics,-0.08666666666666666,0,0,6,2,15,8
3,44,product,execute_tasks,4.008333333333333,2,0,6,2,15,8
3,45,product,execute_tasks,0.1316666666666666,1,1,6,3,15,8
3,46,product,recover_critics,-0.02333333333333333,0,0,6,2,15,8
3,47,product,execute_tasks,2.07,2,1,6,3,15,8
3,48,product,recover_critics,-0.11333333333333333,0,0,6,2,15,8
3,49,product,execute_tasks,5.9383333333333335,3,0,6,2,15,8
3,50,product,execute_tasks,5.951666666666666,3,0,6,2,15,8
3,51,product,execute_tasks,5.944999999999999,3,0,6,2,15,8
3,52,product,execute_tasks,1.9816666666666665,1,0,6,2,15,8
3,53,product,execute_tasks,3.9966666666666666,2,0,6,2,15,8
3,54,product,execute_tasks,3.9416666666666664,2,0,6,2,15,8
3,55,product,execute_tasks,1.9233333333333331,1,0,6,2,15,8
3,56,product,execute_tasks,3.9,2,0,6,2,15,8
3,57,product,execute_tasks,5.851666666666667,3,0,6,2,15,8
3,58,product,execute_tasks,0.06999999999999995,1,1,6,3,15,8
3,59,product,recover_critics,1.9433333333333331,1,0,6,2,15,8
3,60,product,execute_tasks,5.9799999999999995,3,0,6,2,15,8
3,61,product,execute_tasks,4.153333333333333,3,1,6,3,15,8
3,62,product,recover_critics,0.011666666666666672,0,0,6,2,15,8
3,63,product,execute_tasks,5.8549999999999995,3,0,6,2,15,8
3,64,product,execute_tasks,0.09999999999999995,1,1,6,3,15,8
3,65,product,recover_critics,-0.5133333333333334,0,1,6,2,15,9
3,66,product,execute_tasks,5.968333333333333,3,0,6,2,15,9
3,67,product,execute_tasks,3.9916666666666667,2,0,6,2,15,9
3,68,product,execute_tasks,2.12,2,1,6,3,15,9
3,69,product,recover_critics,-0.011666666666666665,0,0,6,2,15,9
3,70,product,execute_tasks,1.5283333333333335,1,1,6,2,15,10
3,71,product,execute_tasks,1.9649999999999999,1,0,6,2,15,10
3,72,product,execute_tasks,5.8533333333333335,3,0,6,2,15,10
3,73,product,execute_tasks,5.881666666666667,3,0,6,2,15,10
3,74,product,execute_tasks,1.61,1,1,6,2,15,11
3,75,product,execute_tasks,5.963333333333333,3,0,6,2,15,11
3,76,product,execute_tasks,6.015,3,0,6,2,15,11
3,77,product,execute_tasks,1.8666666666666665,1,0,6,2,15,11
3,78,product,execute_tasks,2.205,2,1,6,3,15,11
3,79,mcp,recover_critics,-0.05333333333333333,0,0,6,3,15,7
3,80,product,recover_critics,-0.11333333333333333,0,0,6,2,15,7
3,81,product,execute_tasks,1.9483333333333333,1,0,6,2,15,7
3,82,product,execute_tasks,3.9466666666666663,2,0,6,2,15,7
3,83,product,execute_tasks,5.951666666666666,3,0,6,2,15,7
3,84,mcp,execute_tasks,4.013333333333333,2,0,6,2,13,7
3,85,product,execute_tasks,5.915,3,0,6,2,13,7
3,86,product,execute_tasks,5.9383333333333335,3,0,6,2,13,7
3,87,product,execute_tasks,3.915,2,0,6,2,13,7
3,88,product,execute_tasks,5.925,3,0,6,2,13,7
3,89,product,execute_tasks,2.17,2,1,6,3,13,7
3,90,product,recover_critics,-0.13166666666666665,0,0,6,2,13,7
3,91,product,execute_tasks,3.8833333333333333,2,0,6,2,13,7
3,92,product,execute_tasks,1.9399999999999997,1,0,6,2,13,7
3,93,product,execute_tasks,3.9516666666666667,2,0,6,2,13,7
3,94,product,execute_tasks,1.9916666666666665,1,0,6,2,13,7
3,95,product,execute_tasks,5.9383333333333335,3,0,6,2,13,7
3,96,product,execute_tasks,4.016666666666667,2,0,6,2,13,7
3,97,product,execute_tasks,1.9183333333333332,1,0,6,2,13,7
3,98,product,execute_tasks,1.9933333333333332,1,0,6,2,13,7
3,99,product,execute_tasks,1.9533333333333331,1,0,6,2,13,7
4,0,product,execute_tasks,0.11333333333333329,1,1,27,10,20,6
4,1,product,execute_tasks,2.185,2,1,25,11,20,6
4,2,product,execute_tasks,3.9,2,0,23,11,20,6
4,3,product,execute_tasks,1.883333333333333,1,0,22,11,20,6
4,4,product,recover_critics,-0.09499999999999999,0,0,22,7,20,6
4,5,product,execute_tasks,5.918333333333333,3,0,19,7,20,6
4,6,product,execute_tasks,3.9099999999999997,2,0,17,7,20,6
4,7,product,execute_tasks,1.9683333333333333,1,0,16,7,20,6
4,8,product,execute_tasks,1.8616666666666666,1,0,15,7,20,6
4,9,product,execute_tasks,3.925,2,0,13,7,20,6
4,10,product,recover_critics,-0.135,0,0,13,4,20,6
4,11,product,execute_tasks,5.965,3,0,10,4,20,6
4,12,product,execute_tasks,1.8583333333333332,1,0,9,4,20,6
4,13,mcp,execute_tasks,0.07999999999999993,1,1,9,4,19,7
4,14,product,execute_tasks,5.8933333333333335,3,0,6,4,19,7
4,15,product,recover_critics,1.5383333333333336,1,1,6,2,19,8
4,16,product,execute_tasks,0.12833333333333327,1,1,6,3,19,8
4,17,product,recover_critics,1.9999999999999998,1,0,6,2,19,8
4,18,product,execute_tasks,3.9433333333333334,2,0,6,2,19,8
4,19,product,execute_tasks,3.9866666666666664,2,0,6,2,19,8
4,20,product,execute_tasks,5.895,3,0,6,2,19,8
4,21,product,execute_tasks,2.0766666666666667,2,1,6,3,19,8
4,22,product,recover_critics,-0.12166666666666666,0,0,6,2,19,8
4,23,product,execute_tasks,5.918333333333333,3,0,6,2,19,8
4,24,product,execute_tasks,2.2083333333333335,2,1,6,3,19,8
4,25,product,recover_critics,-0.1383333333333333,0,0,6,2,19,8
4,26,product,execute_tasks,5.968333333333333,3,0,6,2,19,8
4,27,product,execute_tasks,2.191666666666667,2,1,6,3,19,8
4,28,product,recover_critics,-0.02333333333333333,0,0,6,2,19,8
4,29,product,execute_tasks,5.891666666666667,3,0,6,2,19,8
4,30,product,execute_tasks,1.89,1,0,6,2,19,8
4,31,product,execute_tasks,5.898333333333333,3,0,6,2,19,8
4,32,product,execute_tasks,3.9466666666666663,2,0,6,2,19,8
4,33,product,execute_tasks,1.8783333333333332,1,0,6,2,19,8
4,34,product,execute_tasks,6.008333333333333,3,0,6,2,19,8
4,35,product,execute_tasks,2.0166666666666666,1,0,6,2,19,8
4,36,mcp,execute_tasks,5.8533333333333335,3,0,6,2,16,8
4,37,product,execute_tasks,3.965,2,0,6,2,16,8
4,38,product,execute_tasks,5.971666666666667,3,0,6,2,16,8
4,39,product,execute_tasks,4.003333333333333,2,0,6,2,16,8
4,40,product,execute_tasks,2.1216666666666666,2,1,6,3,16,8
4,41,product,recover_critics,2.003333333333333,1,0,6,2,16,8
4,42,product,execute_tasks,3.9,2,0,6,2,16,8
4,43,product,execute_tasks,1.9183333333333332,1,0,6,2,16,8
4,44,product,execute_tasks,1.9016666666666664,1,0,6,2,16,8
4,45,product,execute_tasks,3.9283333333333332,2,0,6,2,16,8
4,46,product,execute_tasks,5.976666666666667,3,0,6,2,16,8
4,47,product,execute_tasks,3.9766666666666666,2,0,6,2,16,8
4,48,product,execute_tasks,1.4733333333333334,1,1,6,2,16,9
4,49,product,execute_tasks,0.11166666666666661,1,1,6,3,16,9
4,50,product,recover_critics,1.8666666666666665,1,0,6,2,16,9
4,51,product,execute_tasks,1.998333333333333,1,0,6,2,16,9
4,52,product,execute_tasks,3.8566666666666665,2,0,6,2,16,9
4,53,product,execute_tasks,1.9249999999999998,1,0,6,2,16,9
4,54,product,execute_tasks,4.058333333333334,3,1,6,3,16,9
4,55,product,recover_critics,-0.045,0,0,6,2,16,9
4,56,product,execute_tasks,5.966666666666667,3,0,6,2,16,9
4,57,product,execute_tasks,2.1283333333333334,2,1,6,3,16,9
4,58,product,recover_critics,-0.0016666666666666635,0,0,6,2,16,9
4,59,product,execute_tasks,3.4916666666666667,2,1,6,2,16,10
4,60,product,execute_tasks,3.965,2,0,6,2,16,10
4,61,product,execute_tasks,1.9233333333333331,1,0,6,2,16,10
4,62,product,execute_tasks,5.991666666666666,3,0,6,2,16,10
4,63,product,execute_tasks,3.8616666666666664,2,0,6,2,16,10
4,64,product,execute_tasks,1.8749999999999998,1,0,6,2,16,10
4,65,product,execute_tasks,1.873333333333333,1,0,6,2,16,10
4,66,product,execute_tasks,5.8933333333333335,3,0,6,2,16,10
4,67,product,execute_tasks,6.008333333333333,3,0,6,2,16,10
4,68,product,execute_tasks,1.978333333333333,1,0,6,2,16,10
4,69,product,execute_tasks,1.9899999999999998,1,0,6,2,16,10
4,70,product,execute_tasks,3.98,2,0,6,2,16,10
4,71,product,execute_tasks,5.8566666666666665,3,0,6,2,16,10
4,72,product,execute_tasks,3.8516666666666666,2,0,6,2,16,10
4,73,product,execute_tasks,3.9116666666666666,2,0,6,2,16,10
4,74,product,execute_tasks,5.873333333333333,3,0,6,2,16,10
4,75,product,execute_tasks,1.9166666666666665,1,0,6,2,16,10
4,76,product,execute_tasks,3.79,3,2,6,3,16,11
4,77,product,recover_critics,-0.09000000000000001,0,0,6,2,16,11
4,78,product,execute_tasks,5.916666666666666,3,0,6,2,16,11
4,79,mcp,recover_critics,0.01666666666666667,0,0,6,2,16,7
4,80,product,execute_tasks,6.011666666666667,3,0,6,2,16,7
4,81,product,execute_tasks,4.1433333333333335,3,1,6,3,16,7
4,82,product,recover_critics,1.92,1,0,6,2,16,7
4,83,product,execute_tasks,1.9966666666666666,1,0,6,2,16,7
4,84,product,execute_tasks,2.1133333333333333,2,1,6,3,16,7
4,85,product,recover_critics,-0.41000000000000003,0,1,6,2,16,8
4,86,product,execute_tasks,3.5666666666666664,2,1,6,2,16,9
4,87,product,execute_tasks,5.873333333333333,3,0,6,2,16,9
4,88,product,execute_tasks,3.9166666666666665,2,0,6,2,16,9
4,89,product,execute_tasks,1.9649999999999999,1,0,6,2,16,9
4,90,product,execute_tasks,3.985,2,0,6,2,16,9
4,91,product,execute_tasks,1.9249999999999998,1,0,6,2,16,9
4,92,product,execute_tasks,0.09166666666666662,1,1,6,3,16,9
4,93,product,recover_critics,0.015,0,0,6,2,16,9
4,94,product,execute_tasks,1.9516666666666664,1,0,6,2,16,9
4,95,product,execute_tasks,5.91,3,0,6,2,16,9
4,96,product,execute_tasks,5.944999999999999,3,0,6,2,16,9
4,97,product,execute_tasks,3.9616666666666664,2,0,6,2,16,9
4,98,product,execute_tasks,2.1666666666666665,2,1,6,3,16,9
4,99,product,recover_critics,-0.03166666666666666,0,0,6,2,16,9
5,0,product,execute_tasks,5.878333333333333,3,0,25,9,20,6
5,1,product,execute_tasks,4.083333333333333,3,1,22,10,20,6
5,2,product,execute_tasks,3.9483333333333333,2,0,20,10,20,6
5,3,product,recover_critics,-0.11833333333333333,0,0,20,7,20,6
5,4,product,execute_tasks,5.918333333333333,3,0,17,7,20,6
5,5,product,execute_tasks,3.8716666666666666,2,0,15,7,20,6
5,6,product,execute_tasks,3.915,2,0,13,7,20,6
5,7,product,recover_critics,0.013333333333333336,0,0,13,4,20,6
5,8,product,execute_tasks,3.94,2,0,11,4,20,6
5,9,product,execute_tasks,4.191666666666666,3,1,8,5,20,6
5,10,product,recover_critics,-0.07666666666666667,0,0,8,3,20,6
5,11,product,execute_tasks,3.958333333333333,2,0,6,3,20,6
5,12,product,recover_critics,-0.5383333333333333,0,1,6,2,20,7
5,13,product,execute_tasks,3.8916666666666666,2,0,6,2,20,7
5,14,product,execute_tasks,3.913333333333333,2,0,6,2,20,7
5,15,product,execute_tasks,1.9816666666666665,1,0,6,2,20,7
5,16,product,execute_tasks,4.0,2,0,6,2,20,7
5,17,product,execute_tasks,1.8683333333333332,1,0,6,2,20,7
5,18,product,execute_tasks,5.9383333333333335,3,0,6,2,20,7
5,19,product,execute_tasks,2.086666666666667,2,1,6,3,20,7
5,20,product,recover_critics,-0.10666666666666667,0,0,6,2,20,7
5,21,mcp,execute_tasks,3.9683333333333333,2,0,6,2,18,7
5,22,product,execute_tasks,3.98,2,0,6,2,18,7
5,23,product,execute_tasks,1.7183333333333337,2,2,6,3,18,8
5,24,mcp,execute_tasks,3.3783333333333334,3,1,6,3,15,9
5,25,product,recover_critics,0.008333333333333338,0,0,6,2,15,9
5,26,product,execute_tasks,0.13499999999999995,1,1,6,3,15,9
5,27,product,recover_critics,-0.011666666666666665,0,0,6,2,15,9
5,28,product,execute_tasks,6.011666666666667,3,0,6,2,15,9
5,29,product,execute_tasks,5.886666666666667,3,0,6,2,15,9
5,30,product,execute_tasks,1.998333333333333,1,0,6,2,15,9
5,31,product,execute_tasks,3.9516666666666667,2,0,6,2,15,9
5,32,product,execute_tasks,1.9949999999999999,1,0,6,2,15,9
5,33,product,execute_tasks,3.9883333333333333,2,0,6,2,15,9
5,34,product,execute_tasks,3.9883333333333333,2,0,6,2,15,9
5,35,product,execute_tasks,1.9466666666666665,1,0,6,2,15,9
5,36,product,execute_tasks,1.4666666666666668,1,1,6,2,15,10
5,37,product,execute_tasks,3.9066666666666663,2,0,6,2,15,10
5,38,product,execute_tasks,1.9649999999999999,1,0,6,2,15,10
5,39,product,execute_tasks,3.9266666666666663,2,0,6,2,15,10
5,40,product,execute_tasks,1.89,1,0,6,2,15,10
5,41,product,execute_tasks,4.1466666666666665,3,1,6,3,15,10
5,42,product,recover_critics,-0.03833333333333333,0,0,6,2,15,10
5,43,product,execute_tasks,3.915,2,0,6,2,15,10
5,44,product,execute_tasks,5.983333333333333,3,0,6,2,15,10
5,45,product,execute_tasks,4.21,3,1,6,3,15,10
5,46,product,recover_critics,-0.12000000000000001,0,0,6,2,15,10
5,47,mcp,recover_critics,-0.8516666666666668,0,0,6,2,15,7
5,48,product,execute_tasks,3.9166666666666665,2,0,6,2,15,7
5,49,product,execute_tasks,4.015,2,0,6,2,15,7
5,50,product,execute_tasks,3.918333333333333,2,0,6,2,15,7
5,51,product,execute_tasks,1.9366666666666665,1,0,6,2,15,7
5,52,mcp,execute_tasks,1.2433333333333334,1,0,6,2,14,7
5,53,product,execute_tasks,3.4616666666666664,2,1,6,2,14,8
5,54,product,execute_tasks,-0.2700000000000001,1,2,6,3,14,9
5,55,product,recover_critics,-0.045,0,0,6,2,14,9
5,56,product,execute_tasks,2.1266666666666665,2,1,6,3,14,9
5,57,product,recover_critics,-0.07666666666666667,0,0,6,2,14,9
5,58,product,execute_tasks,1.9216666666666664,1,0,6,2,14,9
5,59,product,execute_tasks,5.863333333333333,3,0,6,2,14,9
5,60,product,execute_tasks,5.933333333333334,3,0,6,2,14,9
5,61,product,execute_tasks,5.878333333333333,3,0,6,2,14,9
5,62,product,execute_tasks,1.8966666666666665,1,0,6,2,14,9
5,63,product,execute_tasks,1.8916666666666666,1,0,6,2,14,9
5,64,product,execute_tasks,1.893333333333333,1,0,6,2,14,9
5,65,product,execute_tasks,3.908333333333333,2,0,6,2,14,9
5,66,product,execute_tasks,0.06333333333333327,1,1,6,3,14,9
5,67,product,recover_critics,-0.09999999999999999,0,0,6,2,14,9
5,68,product,execute_tasks,4.016666666666667,2,0,6,2,14,9
5,69,product,execute_tasks,4.206666666666667,3,1,6,3,14,9
5,70,product,recover_critics,-0.009999999999999995,0,0,6,2,14,9
5,71,product,execute_tasks,5.876666666666667,3,0,6,2,14,9
5,72,product,execute_tasks,3.868333333333333,2,0,6,2,14,9
5,73,product,execute_tasks,5.958333333333333,3,0,6,2,14,9
5,74,product,execute_tasks,2.125,2,1,6,3,14,9
5,75,product,recover_critics,-0.1333333333333333,0,0,6,2,14,9
5,76,product,execute_tasks,4.198333333333333,3,1,6,3,14,9
5,77,mcp,recover_critics,0.006666666666666668,0,0,6,3,14,6
5,78,product,recover_critics,-0.020000000000000004,0,0,6,2,14,6
5,79,product,execute_tasks,5.883333333333333,3,0,6,2,14,6
5,80,product,execute_tasks,5.931666666666667,3,0,6,2,14,6
5,81,product,execute_tasks,5.961666666666667,3,0,6,2,14,6
5,82,product,execute_tasks,2.0166666666666666,1,0,6,2,14,6
5,83,product,execute_tasks,5.998333333333333,3,0,6,2,14,6
5,84,product,execute_tasks,1.853333333333333,1,0,6,2,14,6
5,85,product,execute_tasks,1.8766666666666665,1,0,6,2,14,6
5,86,product,execute_tasks,3.9433333333333334,2,0,6,2,14,6
5,87,product,execute_tasks,4.0,2,0,6,2,14,6
5,88,product,execute_tasks,5.859999999999999,3,0,6,2,14,6
5,89,product,execute_tasks,5.971666666666667,3,0,6,2,14,6
5,90,product,execute_tasks,1.9383333333333332,1,0,6,2,14,6
5,91,product,execute_tasks,5.915,3,0,6,2,14,6
5,92,product,execute_tasks,1.8699999999999999,1,0,6,2,14,6
5,93,product,execute_tasks,1.9499999999999997,1,0,6,2,14,6
5,94,product,execute_tasks,2.115,2,1,6,3,14,6
5,95,product,recover_critics,0.011666666666666672,0,0,6,2,14,6
5,96,product,execute_tasks,2.145,2,1,6,3,14,6
5,97,product,recover_critics,-0.003333333333333334,0,0,6,2,14,6
5,98,product,execute_tasks,2.1816666666666666,2,1,6,3,14,6
5,99,product,recover_critics,-0.033333333333333326,0,0,6,2,14,6
6,0,product,execute_tasks,3.458333333333333,2,1,26,9,20,7
6,1,product,execute_tasks,5.8566666666666665,3,0,23,9,20,7
6,2,product,execute_tasks,5.863333333333333,3,0,20,9,20,7
6,3,product,execute_tasks,3.9283333333333332,2,0,18,9,20,7
6,4,product,recover_critics,-0.08166666666666665,0,0,18,6,20,7
6,5,product,execute_tasks,4.086666666666667,3,1,15,7,20,7
6,6,product,execute_tasks,1.9149999999999998,1,0,14,7,20,7
6,7,product,recover_critics,-0.07333333333333333,0,0,14,4,20,7
6,8,product,execute_tasks,0.08833333333333329,1,1,13,5,20,7
6,9,product,execute_tasks,5.99,3,0,10,5,20,7
6,10,product,recover_critics,-0.09499999999999999,0,0,10,3,20,7
6,11,product,execute_tasks,5.911666666666666,3,0,7,3,20,7
6,12,product,execute_tasks,1.913333333333333,1,0,6,3,20,7
6,13,product,recover_critics,1.8716666666666666,1,0,6,2,20,7
6,14,product,execute_tasks,0.12333333333333327,1,1,6,3,20,7
6,15,product,recover_critics,-0.018333333333333326,0,0,6,2,20,7
6,16,product,execute_tasks,5.941666666666666,3,0,6,2,20,7
6,17,mcp,execute_tasks,5.12,3,0,6,2,17,7
6,18,product,execute_tasks,5.89,3,0,6,2,17,7
6,19,product,execute_tasks,3.88,2,0,6,2,17,7
6,20,product,execute_tasks,0.10333333333333328,1,1,6,3,17,7
6,21,product,recover_critics,-0.04166666666666666,0,0,6,2,17,7
6,22,product,execute_tasks,4.145,3,1,6,3,17,7
6,23,product,recover_critics,-0.12166666666666666,0,0,6,2,17,7
6,24,product,execute_tasks,5.89,3,0,6,2,17,7
6,25,product,execute_tasks,5.911666666666666,3,0,6,2,17,7
6,26,product,execute_tasks,3.96,2,0,6,2,17,7
6,27,product,execute_tasks,1.8949999999999998,1,0,6,2,17,7
6,28,product,execute_tasks,5.515,3,1,6,2,17,8
6,29,product,execute_tasks,3.9716666666666667,2,0,6,2,17,8
6,30,product,execute_tasks,3.4966666666666666,2,1,6,2,17,9
6,31,product,execute_tasks,2.131666666666667,2,1,6,3,17,9
6,32,product,recover_critics,-0.09333333333333334,0,0,6,2,17,9
6,33,product,execute_tasks,2.0716666666666668,2,1,6,3,17,9
6,34,product,recover_critics,-0.08333333333333333,0,0,6,2,17,9
6,35,product,execute_tasks,1.853333333333333,1,0,6,2,17,9
6,36,product,execute_tasks,4.015,2,0,6,2,17,9
6,37,product,execute_tasks,3.913333333333333,2,0,6,2,17,9
6,38,product,execute_tasks,1.9099999999999997,1,0,6,2,17,9
6,39,product,execute_tasks,6.016666666666667,3,0,6,2,17,9
6,40,product,execute_tasks,3.908333333333333,2,0,6,2,17,9
6,41,product,execute_tasks,3.92,2,0,6,2,17,9
6,42,product,execute_tasks,5.958333333333333,3,0,6,2,17,9
6,43,product,execute_tasks,5.958333333333333,3,0,6,2,17,9
6,44,product,execute_tasks,5.903333333333333,3,0,6,2,17,9
6,45,product,execute_tasks,5.905,3,0,6,2,17,9
6,46,product,execute_tasks,5.973333333333333,3,0,6,2,17,9
6,47,product,execute_tasks,1.9316666666666664,1,0,6,2,17,9
6,48,mcp,recover_critics,-0.07666666666666667,0,0,6,2,17,6
6,49,product,execute_tasks,3.985,2,0,6,2,17,6
6,50,product,execute_tasks,0.17999999999999994,1,1,6,3,17,6
6,51,product,recover_critics,-0.14,0,0,6,2,17,6
6,52,product,execute_tasks,4.135,3,1,6,3,17,6
6,53,product,recover_critics,-0.41000000000000003,0,1,6,2,17,7
6,54,product,execute_tasks,4.075,3,1,6,3,17,7
6,55,product,recover_critics,-0.03833333333333333,0,0,6,2,17,7
6,56,product,execute_tasks,5.9783333333333335,3,0,6,2,17,7
6,57,product,execute_tasks,5.9783333333333335,3,0,6,2,17,7
6,58,product,execute_tasks,0.13999999999999996,1,1,6,3,17,7
6,59,product,recover_critics,0.013333333333333336,0,0,6,2,17,7
6,60,product,execute_tasks,2.1016666666666666,2,1,6,3,17,7
6,61,product,recover_critics,1.8616666666666666,1,0,6,2,17,7
6,62,product,execute_tasks,1.9799999999999998,1,0,6,2,17,7
6,63,product,execute_tasks,5.891666666666667,3,0,6,2,17,7
6,64,product,execute_tasks,4.181666666666667,3,1,6,3,17,7
6,65,product,recover_critics,-0.07666666666666667,0,0,6,2,17,7
6,66,product,execute_tasks,1.5666666666666669,1,1,6,2,17,8
6,67,product,execute_tasks,2.211666666666667,2,1,6,3,17,8
6,68,product,recover_critics,-0.039999999999999994,0,0,6,2,17,8
6,69,product,execute_tasks,1.9749999999999999,1,0,6,2,17,8
6,70,product,execute_tasks,1.9466666666666665,1,0,6,2,17,8
6,71,product,execute_tasks,3.9866666666666664,2,0,6,2,17,8
6,72,product,execute_tasks,4.166666666666667,3,1,6,3,17,8
6,73,product,recover_critics,-0.11833333333333333,0,0,6,2,17,8
6,74,product,execute_tasks,5.8933333333333335,3,0,6,2,17,8
6,75,product,execute_tasks,4.2,3,1,6,3,17,8
6,76,product,recover_critics,-0.008333333333333331,0,0,6,2,17,8
6,77,product,execute_tasks,1.913333333333333,1,0,6,2,17,8
6,78,product,execute_tasks,5.859999999999999,3,0,6,2,17,8
6,79,product,execute_tasks,5.92,3,0,6,2,17,8
6,80,product,execute_tasks,4.183333333333334,3,1,6,3,17,8
6,81,product,recover_critics,-0.021666666666666667,0,0,6,2,17,8
6,82,product,execute_tasks,4.001666666666667,2,0,6,2,17,8
6,83,product,execute_tasks,4.195,3,1,6,3,17,8
6,84,product,recover_critics,-0.5483333333333333,0,1,6,2,17,9
6,85,product,execute_tasks,3.8833333333333333,2,0,6,2,17,9
6,86,product,execute_tasks,3.933333333333333,2,0,6,2,17,9
6,87,product,execute_tasks,5.9383333333333335,3,0,6,2,17,9
6,88,product,execute_tasks,5.903333333333333,3,0,6,2,17,9
6,89,product,execute_tasks,3.9949999999999997,2,0,6,2,17,9
6,90,product,execute_tasks,0.21333333333333326,1,1,6,3,17,9
6,91,product,recover_critics,-0.003333333333333334,0,0,6,2,17,9
6,92,product,execute_tasks,4.113333333333333,3,1,6,3,17,9
6,93,product,recover_critics,-0.051666666666666666,0,0,6,2,17,9
6,94,product,execute_tasks,1.9299999999999997,1,0,6,2,17,9
6,95,product,execute_tasks,1.9733333333333332,1,0,6,2,17,9
6,96,product,execute_tasks,1.9366666666666665,1,0,6,2,17,9
6,97,product,execute_tasks,1.9683333333333333,1,0,6,2,17,9
6,98,product,execute_tasks,3.998333333333333,2,0,6,2,17,9
6,99,mcp,recover_critics,-0.8500000000000001,0,0,6,2,17,6
7,0,product,execute_tasks,5.868333333333333,3,0,25,9,20,6
7,1,product,execute_tasks,2.2016666666666667,2,1,23,10,20,6
7,2,product,execute_tasks,1.9,1,0,22,10,20,6
7,3,product,execute_tasks,0.21166666666666661,1,1,21,11,20,6
7,4,product,recover_critics,-0.13166666666666665,0,0,21,7,20,6
7,5,product,execute_tasks,2.0149999999999997,1,0,20,7,20,6
7,6,product,execute_tasks,1.9049999999999998,1,0,19,7,20,6
7,7,product,execute_tasks,5.984999999999999,3,0,16,7,20,6
7,8,product,execute_tasks,2.1533333333333333,2,1,14,8,20,6
7,9,product,recover_critics,-0.12833333333333335,0,0,14,5,20,6
7,10,product,execute_tasks,2.1883333333333335,2,1,12,6,20,6
7,11,product,recover_critics,-0.06666666666666667,0,0,12,4,20,6
7,12,product,execute_tasks,5.933333333333334,3,0,9,4,20,6
7,13,product,execute_tasks,5.988333333333333,3,0,6,4,20,6
7,14,product,recover_critics,-0.006666666666666661,0,0,6,2,20,6
7,15,product,execute_tasks,5.9399999999999995,3,0,6,2,20,6
7,16,product,execute_tasks,3.9549999999999996,2,0,6,2,20,6
7,17,product,execute_tasks,5.971666666666667,3,0,6,2,20,6
7,18,product,execute_tasks,5.601666666666667,3,1,6,2,20,7
7,19,product,execute_tasks,3.9883333333333333,2,0,6,2,20,7
7,20,product,execute_tasks,3.9749999999999996,2,0,6,2,20,7
7,21,product,execute_tasks,2.0166666666666666,1,0,6,2,20,7
7,22,product,execute_tasks,5.8933333333333335,3,0,6,2,20,7
7,23,product,execute_tasks,3.905,2,0,6,2,20,7
7,24,product,execute_tasks,4.19,3,1,6,3,20,7
7,25,product,recover_critics,-0.04166666666666666,0,0,6,2,20,7
7,26,product,execute_tasks,2.0016666666666665,1,0,6,2,20,7
7,27,product,execute_tasks,2.01,1,0,6,2,20,7
7,28,mcp,execute_tasks,2.205,2,1,6,2,18,8
7,29,product,execute_tasks,2.005,1,0,6,2,18,8
7,30,product,execute_tasks,1.9866666666666666,1,0,6,2,18,8
7,31,product,execute_tasks,5.906666666666666,3,0,6,2,18,8
7,32,product,execute_tasks,5.8933333333333335,3,0,6,2,18,8
7,33,product,execute_tasks,6.001666666666667,3,0,6,2,18,8
7,34,product,execute_tasks,4.168333333333333,3,1,6,3,18,8
7,35,product,recover_critics,1.9816666666666665,1,0,6,2,18,8
7,36,product,execute_tasks,4.078333333333333,3,1,6,3,18,8
7,37,product,recover_critics,-0.021666666666666667,0,0,6,2,18,8
7,38,product,execute_tasks,1.9099999999999997,1,0,6,2,18,8
7,39,product,execute_tasks,5.92,3,0,6,2,18,8
7,40,product,execute_tasks,5.928333333333333,3,0,6,2,18,8
7,41,product,execute_tasks,5.99,3,0,6,2,18,8
7,42,product,execute_tasks,3.965,2,0,6,2,18,8
7,43,product,execute_tasks,5.918333333333333,3,0,6,2,18,8
7,44,product,execute_tasks,1.9299999999999997,1,0,6,2,18,8
7,45,mcp,execute_tasks,1.9916666666666665,1,0,6,2,17,8
7,46,product,execute_tasks,2.09,2,1,6,3,17,8
7,47,product,recover_critics,1.8883333333333332,1,0,6,2,17,8
7,48,product,execute_tasks,3.9866666666666664,2,0,6,2,17,8
7,49,product,execute_tasks,3.9549999999999996,2,0,6,2,17,8
7,50,product,execute_tasks,0.07333333333333328,1,1,6,3,17,8
7,51,product,recover_critics,-0.12000000000000001,0,0,6,2,17,8
7,52,product,execute_tasks,1.8566666666666665,1,0,6,2,17,8
7,53,product,execute_tasks,3.8766666666666665,2,0,6,2,17,8
7,54,product,execute_tasks,3.998333333333333,2,0,6,2,17,8
7,55,product,execute_tasks,2.0116666666666667,1,0,6,2,17,8
7,56,product,execute_tasks,4.013333333333333,2,0,6,2,17,8
7,57,product,execute_tasks,1.9549999999999998,1,0,6,2,17,8
7,58,product,execute_tasks,2.013333333333333,1,0,6,2,17,8
7,59,product,execute_tasks,0.1016666666666666,1,1,6,3,17,8
7,60,product,recover_critics,1.9766666666666666,1,0,6,2,17,8
7,61,product,execute_tasks,0.1066666666666666,1,1,6,3,17,8
7,62,product,recover_critics,1.8966666666666665,1,0,6,2,17,8
7,63,product,execute_tasks,4.101666666666667,3,1,6,3,17,8
7,64,product,recover_critics,-0.12499999999999999,0,0,6,2,17,8
7,65,product,execute_tasks,1.9916666666666665,1,0,6,2,17,8
7,66,product,execute_tasks,1.883333333333333,1,0,6,2,17,8
7,67,product,execute_tasks,5.97,3,0,6,2,17,8
7,68,product,execute_tasks,2.1233333333333335,2,1,6,3,17,8
7,69,product,recover_critics,-0.08333333333333333,0,0,6,2,17,8
7,70,product,execute_tasks,1.461666666666667,1,1,6,2,17,9
7,71,product,execute_tasks,5.883333333333333,3,0,6,2,17,9
7,72,product,execute_tasks,3.9516666666666667,2,0,6,2,17,9
7,73,product,execute_tasks,5.901666666666666,3,0,6,2,17,9
7,74,product,execute_tasks,1.8516666666666666,1,0,6,2,17,9
7,75,product,execute_tasks,4.133333333333334,3,1,6,3,17,9
7,76,product,recover_critics,1.6033333333333335,1,1,6,2,17,10
7,77,product,execute_tasks,1.89,1,0,6,2,17,10
7,78,product,execute_tasks,1.5466666666666669,1,1,6,2,17,11
7,79,product,execute_tasks,1.9316666666666664,1,0,6,2,17,11
7,80,product,execute_tasks,3.9466666666666663,2,0,6,2,17,11
7,81,product,execute_tasks,1.9016666666666664,1,0,6,2,17,11
7,82,product,execute_tasks,5.881666666666667,3,0,6,2,17,11
7,83,product,execute_tasks,1.9716666666666665,1,0,6,2,17,11
7,84,product,execute_tasks,2.118333333333333,2,1,6,3,17,11
7,85,product,recover_critics,-0.043333333333333335,0,0,6,2,17,11
7,86,product,execute_tasks,5.878333333333333,3,0,6,2,17,11
7,87,product,execute_tasks,4.178333333333334,3,1,6,3,17,11
7,88,product,recover_critics,-0.4983333333333334,0,1,6,2,17,12
7,89,product,execute_tasks,-0.20500000000000007,1,2,6,3,17,13
7,90,product,recover_critics,1.9499999999999997,1,0,6,2,17,13
7,91,product,execute_tasks,1.9049999999999998,1,0,6,2,17,13
7,92,product,execute_tasks,1.9383333333333332,1,0,6,2,17,13
7,93,product,execute_tasks,3.9766666666666666,2,0,6,2,17,13
7,94,product,execute_tasks,5.886666666666667,3,0,6,2,17,13
7,95,product,execute_tasks,2.055,2,1,6,3,17,13
7,96,product,recover_critics,1.9816666666666665,1,0,6,2,17,13
7,97,product,execute_tasks,1.998333333333333,1,0,6,2,17,13
7,98,product,execute_tasks,4.216666666666667,3,1,6,3,17,13
7,99,product,recover_critics,-0.08666666666666666,0,0,6,2,17,13
8,0,product,execute_tasks,1.9249999999999998,1,0,27,9,20,6
8,1,mcp,execute_tasks,3.9266666666666663,2,0,27,9,18,6
8,2,product,execute_tasks,1.9833333333333332,1,0,26,9,18,6
8,3,product,execute_tasks,5.935,3,0,23,9,18,6
8,4,product,execute_tasks,2.0616666666666665,2,1,21,10,18,6
8,5,product,execute_tasks,5.961666666666667,3,0,18,10,18,6
8,6,product,recover_critics,-0.07333333333333333,0,0,18,7,18,6
8,7,mcp,execute_tasks,5.891666666666667,3,0,18,7,15,6
8,8,product,execute_tasks,5.96,3,0,15,7,15,6
8,9,product,execute_tasks,5.921666666666667,3,0,12,7,15,6
8,10,product,recover_critics,-0.021666666666666667,0,0,12,4,15,6
8,11,product,execute_tasks,1.9433333333333331,1,0,11,4,15,6
8,12,product,execute_tasks,1.978333333333333,1,0,10,4,15,6
8,13,product,execute_tasks,3.9116666666666666,2,0,8,4,15,6
8,14,product,recover_critics,-0.4516666666666667,0,1,8,2,15,7
8,15,product,execute_tasks,3.9066666666666663,2,0,6,2,15,7
8,16,product,execute_tasks,1.88,1,0,6,2,15,7
8,17,product,execute_tasks,5.95,3,0,6,2,15,7
8,18,product,execute_tasks,4.011666666666667,2,0,6,2,15,7
8,19,product,execute_tasks,5.9366666666666665,3,0,6,2,15,7
8,20,product,execute_tasks,1.913333333333333,1,0,6,2,15,7
8,21,product,execute_tasks,3.9266666666666663,2,0,6,2,15,7
8,22,product,execute_tasks,1.8683333333333332,1,0,6,2,15,7
8,23,product,execute_tasks,5.898333333333333,3,0,6,2,15,7
8,24,product,execute_tasks,4.125,3,1,6,3,15,7
8,25,product,recover_critics,-0.045,0,0,6,2,15,7
8,26,product,execute_tasks,1.9816666666666665,1,0,6,2,15,7
8,27,product,execute_tasks,5.875,3,0,6,2,15,7
8,28,product,execute_tasks,5.933333333333334,3,0,6,2,15,7
8,29,product,execute_tasks,4.053333333333334,3,1,6,3,15,7
8,30,product,recover_critics,-0.04166666666666666,0,0,6,2,15,7
8,31,product,execute_tasks,3.853333333333333,2,0,6,2,15,7
8,32,product,execute_tasks,3.8616666666666664,2,0,6,2,15,7
8,33,product,execute_tasks,3.9316666666666666,2,0,6,2,15,7
8,34,product,execute_tasks,3.9366666666666665,2,0,6,2,15,7
8,35,product,execute_tasks,5.878333333333333,3,0,6,2,15,7
8,36,product,execute_tasks,5.925,3,0,6,2,15,7
8,37,product,execute_tasks,1.9616666666666664,1,0,6,2,15,7
8,38,product,execute_tasks,5.876666666666667,3,0,6,2,15,7
8,39,product,execute_tasks,6.013333333333333,3,0,6,2,15,7
8,40,mcp,execute_tasks,1.9183333333333332,1,0,6,2,14,7
8,41,product,execute_tasks,4.173333333333334,3,1,6,3,14,7
8,42,product,recover_critics,1.8966666666666665,1,0,6,2,14,7
8,43,product,execute_tasks,3.893333333333333,2,0,6,2,14,7
8,44,product,execute_tasks,3.8866666666666667,2,0,6,2,14,7
8,45,product,execute_tasks,1.6083333333333334,1,1,6,2,14,8
8,46,product,execute_tasks,3.953333333333333,2,0,6,2,14,8
8,47,product,execute_tasks,1.9566666666666666,1,0,6,2,14,8
8,48,product,execute_tasks,3.898333333333333,2,0,6,2,14,8
8,49,product,execute_tasks,5.99,3,0,6,2,14,8
8,50,product,execute_tasks,5.865,3,0,6,2,14,8
8,51,product,execute_tasks,3.953333333333333,2,0,6,2,14,8
8,52,product,execute_tasks,5.986666666666666,3,0,6,2,14,8
8,53,product,execute_tasks,2.07,2,1,6,3,14,8
8,54,product,recover_critics,-0.024999999999999994,0,0,6,2,14,8
8,55,product,execute_tasks,2.085,2,1,6,3,14,8
8,56,product,recover_critics,0.0050000000000000044,0,0,6,2,14,8
8,57,product,execute_tasks,5.901666666666666,3,0,6,2,14,8
8,58,product,execute_tasks,0.16666666666666663,1,1,6,3,14,8
8,59,product,recover_critics,-0.12000000000000001,0,0,6,2,14,8
8,60,product,execute_tasks,0.05999999999999994,1,1,6,3,14,8
8,61,product,recover_critics,-0.0016666666666666635,0,0,6,2,14,8
8,62,product,execute_tasks,4.07,3,1,6,3,14,8
8,63,product,recover_critics,-0.006666666666666661,0,0,6,2,14,8
8,64,product,execute_tasks,2.205,2,1,6,3,14,8
8,65,product,recover_critics,-0.135,0,0,6,2,14,8
8,66,product,execute_tasks,5.8966666666666665,3,0,6,2,14,8
8,67,product,execute_tasks,5.955,3,0,6,2,14,8
8,68,product,execute_tasks,5.863333333333333,3,0,6,2,14,8
8,69,product,execute_tasks,4.11,3,1,6,3,14,8
8,70,product,recover_critics,1.8599999999999999,1,0,6,2,14,8
8,71,product,execute_tasks,2.0166666666666666,1,0,6,2,14,8
8,72,product,execute_tasks,3.898333333333333,2,0,6,2,14,8
8,73,product,execute_tasks,6.001666666666667,3,0,6,2,14,8
8,74,product,execute_tasks,1.913333333333333,1,0,6,2,14,8
8,75,product,execute_tasks,5.898333333333333,3,0,6,2,14,8
8,76,product,execute_tasks,4.093333333333334,3,1,6,3,14,8
8,77,product,recover_critics,1.92,1,0,6,2,14,8
8,78,product,execute_tasks,6.0,3,0,6,2,14,8
8,79,product,execute_tasks,2.1016666666666666,2,1,6,3,14,8
8,80,product,recover_critics,-0.045,0,0,6,2,14,8
8,81,product,execute_tasks,0.16166666666666663,1,1,6,3,14,8
8,82,product,recover_critics,-0.05499999999999999,0,0,6,2,14,8
8,83,product,execute_tasks,1.9066666666666665,1,0,6,2,14,8
8,84,product,execute_tasks,2.055,2,1,6,3,14,8
8,85,product,recover_critics,-0.04666666666666666,0,0,6,2,14,8
8,86,product,execute_tasks,1.9049999999999998,1,0,6,2,14,8
8,87,product,execute_tasks,1.9516666666666664,1,0,6,2,14,8
8,88,product,execute_tasks,3.875,2,0,6,2,14,8
8,89,product,execute_tasks,5.991666666666666,3,0,6,2,14,8
8,90,product,execute_tasks,1.8666666666666665,1,0,6,2,14,8
8,91,product,execute_tasks,3.895,2,0,6,2,14,8
8,92,product,execute_tasks,1.9099999999999997,1,0,6,2,14,8
8,93,product,execute_tasks,3.9366666666666665,2,0,6,2,14,8
8,94,product,execute_tasks,4.071666666666666,3,1,6,3,14,8
8,95,product,recover_critics,-0.05666666666666667,0,0,6,2,14,8
8,96,product,execute_tasks,3.8866666666666667,2,0,6,2,14,8
8,97,product,execute_tasks,4.168333333333333,3,1,6,3,14,8
8,98,product,recover_critics,-0.385,0,1,6,2,14,9
8,99,mcp,recover_critics,1.9699999999999998,1,0,6,2,13,6
9,0,product,execute_tasks,5.873333333333333,3,0,25,9,20,6
9,1,product,execute_tasks,3.8666666666666667,2,0,23,9,20,6
9,2,product,execute_tasks,3.888333333333333,2,0,21,9,20,6
9,3,product,execute_tasks,2.11,2,1,19,10,20,6
9,4,product,recover_critics,-0.09000000000000001,0,0,19,7,20,6
9,5,mcp,execute_tasks,3.9466666666666663,2,0,19,7,18,6
9,6,product,execute_tasks,1.9733333333333332,1,0,18,7,18,6
9,7,product,execute_tasks,5.888333333333333,3,0,15,7,18,6
9,8,product,execute_tasks,3.8649999999999998,2,0,13,7,18,6
9,9,product,recover_critics,0.015,0,0,13,4,18,6
9,10,product,execute_tasks,5.955,3,0,10,4,18,6
9,11,product,execute_tasks,1.8516666666666666,1,0,9,4,18,6
9,12,product,execute_tasks,5.968333333333333,3,0,6,4,18,6
9,13,product,recover_critics,-0.043333333333333335,0,0,6,2,18,6
9,14,product,execute_tasks,3.958333333333333,2,0,6,2,18,6
9,15,product,execute_tasks,5.876666666666667,3,0,6,2,18,6
9,16,product,execute_tasks,5.99,3,0,6,2,18,6
9,17,product,execute_tasks,4.108333333333333,3,1,6,3,18,6
9,18,product,recover_critics,-0.03833333333333333,0,0,6,2,18,6
9,19,product,execute_tasks,3.9033333333333333,2,0,6,2,18,6
9,20,product,execute_tasks,1.8783333333333332,1,0,6,2,18,6
9,21,product,execute_tasks,4.158333333333333,3,1,6,3,18,6
9,22,product,recover_critics,0.0,0,0,6,2,18,6
9,23,product,execute_tasks,0.13333333333333328,1,1,6,3,18,6
9,24,product,recover_critics,-0.06999999999999999,0,0,6,2,18,6
9,25,product,execute_tasks,2.11,2,1,6,3,18,6
9,26,product,recover_critics,1.9483333333333333,1,0,6,2,18,6
9,27,product,execute_tasks,5.865,3,0,6,2,18,6
9,28,product,execute_tasks,2.1483333333333334,2,1,6,3,18,6
9,29,product,recover_critics,-0.14500000000000002,0,0,6,2,18,6
9,30,product,execute_tasks,5.898333333333333,3,0,6,2,18,6
9,31,product,execute_tasks,1.9999999999999998,1,0,6,2,18,6
9,32,product,execute_tasks,5.926666666666667,3,0,6,2,18,6
9,33,product,execute_tasks,1.5383333333333336,1,1,6,2,18,7
9,34,product,execute_tasks,5.996666666666666,3,0,6,2,18,7
9,35,product,execute_tasks,3.873333333333333,2,0,6,2,18,7
9,36,product,execute_tasks,0.20999999999999994,1,1,6,3,18,7
9,37,product,recover_critics,-0.12166666666666666,0,0,6,2,18,7
9,38,product,execute_tasks,3.9966666666666666,2,0,6,2,18,7
9,39,product,execute_tasks,1.9533333333333331,1,0,6,2,18,7
9,40,product,execute_tasks,3.9033333333333333,2,0,6,2,18,7
9,41,product,execute_tasks,0.06166666666666662,1,1,6,3,18,7
9,42,product,recover_critics,-0.0016666666666666635,0,0,6,2,18,7
9,43,product,execute_tasks,5.976666666666667,3,0,6,2,18,7
9,44,product,execute_tasks,1.8616666666666666,1,0,6,2,18,7
9,45,product,execute_tasks,2.0066666666666664,1,0,6,2,18,7
9,46,product,execute_tasks,5.91,3,0,6,2,18,7
9,47,product,execute_tasks,1.8816666666666664,1,0,6,2,18,7
9,48,product,execute_tasks,5.958333333333333,3,0,6,2,18,7
9,49,product,execute_tasks,2.171666666666667,2,1,6,3,18,7
9,50,product,recover_critics,1.9816666666666665,1,0,6,2,18,7
9,51,product,execute_tasks,3.8666666666666667,2,0,6,2,18,7
9,52,product,execute_tasks,4.165,3,1,6,3,18,7
9,53,product,recover_critics,-0.03666666666666667,0,0,6,2,18,7
9,54,product,execute_tasks,3.858333333333333,2,0,6,2,18,7
9,55,product,execute_tasks,3.5933333333333333,2,1,6,2,18,8
9,56,product,execute_tasks,3.9033333333333333,2,0,6,2,18,8
9,57,product,execute_tasks,4.001666666666667,2,0,6,2,18,8
9,58,product,execute_tasks,4.155,3,1,6,3,18,8
9,59,product,recover_critics,-0.08666666666666666,0,0,6,2,18,8
9,60,product,execute_tasks,5.9816666666666665,3,0,6,2,18,8
9,61,product,execute_tasks,5.9816666666666665,3,0,6,2,18,8
9,62,product,execute_tasks,3.905,2,0,6,2,18,8
9,63,product,execute_tasks,1.8866666666666665,1,0,6,2,18,8
9,64,product,execute_tasks,3.8916666666666666,2,0,6,2,18,8
9,65,product,execute_tasks,-0.30166666666666675,1,2,6,3,18,9
9,66,product,recover_critics,-0.08333333333333333,0,0,6,2,18,9
9,67,product,execute_tasks,3.8899999999999997,2,0,6,2,18,9
9,68,product,execute_tasks,5.955,3,0,6,2,18,9
9,69,product,execute_tasks,5.55,3,1,6,2,18,10
9,70,product,execute_tasks,5.975,3,0,6,2,18,10
9,71,product,execute_tasks,4.066666666666666,3,1,6,3,18,10
9,72,product,recover_critics,1.8983333333333332,1,0,6,2,18,10
9,73,product,execute_tasks,5.9816666666666665,3,0,6,2,18,10
9,74,product,execute_tasks,2.1616666666666666,2,1,6,3,18,10
9,75,product,recover_critics,-0.058333333333333334,0,0,6,2,18,10
9,76,product,execute_tasks,2.1233333333333335,2,1,6,3,18,10
9,77,mcp,recover_critics,1.9366666666666665,1,0,6,3,17,7
9,78,product,recover_critics,-0.14,0,0,6,2,17,7
9,79,product,execute_tasks,1.8966666666666665,1,0,6,2,17,7
9,80,product,execute_tasks,5.958333333333333,3,0,6,2,17,7
9,81,product,execute_tasks,5.998333333333333,3,0,6,2,17,7
9,82,product,execute_tasks,1.8516666666666666,1,0,6,2,17,7
9,83,product,execute_tasks,5.865,3,0,6,2,17,7
9,84,product,execute_tasks,5.956666666666666,3,0,6,2,17,7
9,85,product,execute_tasks,1.998333333333333,1,0,6,2,17,7
9,86,product,execute_tasks,1.893333333333333,1,0,6,2,17,7
9,87,product,execute_tasks,3.9566666666666666,2,0,6,2,17,7
9,88,product,execute_tasks,5.859999999999999,3,0,6,2,17,7
9,89,product,execute_tasks,3.9566666666666666,2,0,6,2,17,7
9,90,product,execute_tasks,5.858333333333333,3,0,6,2,17,7
9,91,product,execute_tasks,5.926666666666667,3,0,6,2,17,7
9,92,product,execute_tasks,3.9299999999999997,2,0,6,2,17,7
9,93,product,execute_tasks,2.1,2,1,6,3,17,7
9,94,product,recover_critics,-0.12499999999999999,0,0,6,2,17,7
9,95,product,execute_tasks,1.9066666666666665,1,0,6,2,17,7
9,96,product,execute_tasks,3.9116666666666666,2,0,6,2,17,7
9,97,product,execute_tasks,1.9716666666666665,1,0,6,2,17,7
9,98,product,execute_tasks,1.8766666666666665,1,0,6,2,17,7
9,99,product,execute_tasks,1.6583333333333337,2,2,6,3,17,8
